{"cameraMode":{"drawMode":0,"name":"Shaded","section":"Shading Mode"},"sceneLighting":true,"audioPlay":false,"sceneViewState":{"showFog":true,"showMaterialUpdate":false,"showSkybox":false,"showFlares":true,"showImageEffects":true,"showParticleSystems":true,"showVisualEffectGraphs":true,"m_FxEnabled":true},"in2DMode":false,"pivot":{"x":0.001991480588912964,"y":0.20932817459106446,"z":-0.6058993339538574},"rotation":{"x":-0.12719154357910157,"y":-0.06482455134391785,"z":0.008324004709720612,"w":-0.9897381663322449},"size":1.573132038116455,"orthographic":false}