{"cameraMode":{"drawMode":0,"name":"Shaded","section":"Shading Mode"},"sceneLighting":true,"audioPlay":false,"sceneViewState":{"showFog":true,"showMaterialUpdate":false,"showSkybox":true,"showFlares":true,"showImageEffects":true,"showParticleSystems":true,"showVisualEffectGraphs":true,"m_FxEnabled":true},"in2DMode":false,"pivot":{"x":3.9321136474609377,"y":101.20372772216797,"z":177.1652069091797},"rotation":{"x":-0.21583159267902375,"y":-0.19960692524909974,"z":0.045112717896699908,"w":-0.9548070430755615},"size":82.49971771240235,"orthographic":false}