{"cameraMode":{"drawMode":0,"name":"Shaded","section":"Shading Mode"},"sceneLighting":true,"audioPlay":false,"sceneViewState":{"showFog":true,"showMaterialUpdate":false,"showSkybox":true,"showFlares":true,"showImageEffects":true,"showParticleSystems":true,"showVisualEffectGraphs":true,"m_FxEnabled":true},"in2DMode":false,"pivot":{"x":0.6031255722045898,"y":-2.6558094024658205,"z":43.727149963378909},"rotation":{"x":-0.15581652522087098,"y":-0.12909314036369325,"z":0.020540017634630204,"w":-0.9791553616523743},"size":21.165361404418947,"orthographic":false}