{"cameraMode":{"drawMode":0,"name":"Shaded","section":"Shading Mode"},"sceneLighting":true,"audioPlay":false,"sceneViewState":{"showFog":true,"showMaterialUpdate":false,"showSkybox":true,"showFlares":true,"showImageEffects":true,"showParticleSystems":true,"showVisualEffectGraphs":true,"m_FxEnabled":true},"in2DMode":false,"pivot":{"x":1.1847095489501954,"y":6.8830718994140629,"z":35.83445739746094},"rotation":{"x":0.22324298322200776,"y":0.4019640386104584,"z":-0.10164322704076767,"w":0.8822429776191711},"size":20.137226104736329,"orthographic":false}