{"cameraMode":{"drawMode":0,"name":"Shaded","section":"Shading Mode"},"sceneLighting":false,"audioPlay":false,"sceneViewState":{"showFog":true,"showMaterialUpdate":false,"showSkybox":false,"showFlares":true,"showImageEffects":true,"showParticleSystems":true,"showVisualEffectGraphs":true,"m_FxEnabled":true},"in2DMode":false,"pivot":{"x":0.42205488681793215,"y":0.2782074809074402,"z":-0.3286430835723877},"rotation":{"x":-0.04065922275185585,"y":-0.9366218447685242,"z":0.11608380824327469,"w":-0.32804715633392336},"size":3.5709333419799806,"orthographic":false}