{"cameraMode":{"drawMode":0,"name":"Shaded","section":"Shading Mode"},"sceneLighting":false,"audioPlay":false,"sceneViewState":{"showFog":true,"showMaterialUpdate":false,"showSkybox":false,"showFlares":true,"showImageEffects":true,"showParticleSystems":true,"showVisualEffectGraphs":true,"m_FxEnabled":true},"in2DMode":false,"pivot":{"x":0.21890193223953248,"y":0.5349072217941284,"z":0.1944420039653778},"rotation":{"x":-0.05471312254667282,"y":-0.8017509579658508,"z":0.5904970169067383,"w":-0.07428846508264542},"size":0.7462157607078552,"orthographic":false}