{"cameraMode":{"drawMode":0,"name":"Shaded","section":"Shading Mode"},"sceneLighting":false,"audioPlay":false,"sceneViewState":{"showFog":true,"showMaterialUpdate":false,"showSkybox":false,"showFlares":true,"showImageEffects":true,"showParticleSystems":true,"showVisualEffectGraphs":true,"m_FxEnabled":true},"in2DMode":false,"pivot":{"x":-3.603659152984619,"y":-1.5508460998535157,"z":-0.09510231018066406},"rotation":{"x":-0.22447022795677186,"y":-0.05899960920214653,"z":0.013619422912597657,"w":-0.9726557731628418},"size":25.946123123168947,"orthographic":false}