{"cameraMode":{"drawMode":0,"name":"Shaded","section":"Shading Mode"},"sceneLighting":false,"audioPlay":false,"sceneViewState":{"showFog":true,"showMaterialUpdate":false,"showSkybox":false,"showFlares":true,"showImageEffects":true,"showParticleSystems":true,"showVisualEffectGraphs":true,"m_FxEnabled":true},"in2DMode":false,"pivot":{"x":-0.47194695472717287,"y":-2.3908486366271974,"z":-2.0397472381591799},"rotation":{"x":-0.20774731040000916,"y":-0.24551548063755036,"z":0.05395456403493881,"w":-0.9453921914100647},"size":10.621281623840332,"orthographic":false}