{"cameraMode":{"drawMode":0,"name":"Shaded","section":"Shading Mode"},"sceneLighting":true,"audioPlay":false,"sceneViewState":{"showFog":true,"showMaterialUpdate":false,"showSkybox":true,"showFlares":true,"showImageEffects":true,"showParticleSystems":true,"showVisualEffectGraphs":true,"m_FxEnabled":true},"in2DMode":false,"pivot":{"x":6.132452011108398,"y":-12.166458129882813,"z":74.14804077148438},"rotation":{"x":-0.20781709253787995,"y":-0.21741023659706117,"z":0.047433532774448398,"w":-0.9525214433670044},"size":21.963998794555665,"orthographic":false}