{"cameraMode":{"drawMode":0,"name":"Shaded","section":"Shading Mode"},"sceneLighting":false,"audioPlay":false,"sceneViewState":{"showFog":true,"showMaterialUpdate":false,"showSkybox":false,"showFlares":true,"showImageEffects":true,"showParticleSystems":true,"showVisualEffectGraphs":true,"m_FxEnabled":true},"in2DMode":false,"pivot":{"x":-18.087692260742189,"y":19.791120529174806,"z":8.444107055664063},"rotation":{"x":-0.21583159267902375,"y":-0.19960692524909974,"z":0.045112717896699908,"w":-0.9548070430755615},"size":11.456439018249512,"orthographic":false}