{"cameraMode":{"drawMode":0,"name":"Shaded","section":"Shading Mode"},"sceneLighting":false,"audioPlay":false,"sceneViewState":{"showFog":true,"showMaterialUpdate":false,"showSkybox":false,"showFlares":true,"showImageEffects":true,"showParticleSystems":true,"showVisualEffectGraphs":true,"m_FxEnabled":true},"in2DMode":false,"pivot":{"x":0.6899995803833008,"y":6.119999885559082,"z":3.4183759689331056},"rotation":{"x":0.0009741916437633336,"y":0.9795088171958923,"z":-0.2014228254556656,"w":0.00470053730532527},"size":20.234437942504884,"orthographic":false}