{"cameraMode":{"drawMode":0,"name":"Shaded","section":"Shading Mode"},"sceneLighting":false,"audioPlay":false,"sceneViewState":{"showFog":true,"showMaterialUpdate":false,"showSkybox":false,"showFlares":true,"showImageEffects":true,"showParticleSystems":true,"showVisualEffectGraphs":true,"m_FxEnabled":true},"in2DMode":false,"pivot":{"x":0.31700682640075686,"y":3.630648136138916,"z":4.894259452819824},"rotation":{"x":0.07094164937734604,"y":-0.8280720114707947,"z":0.10768289119005203,"w":0.5456157326698303},"size":0.38001543283462527,"orthographic":false}