{"cameraMode":{"drawMode":0,"name":"Shaded","section":"Shading Mode"},"sceneLighting":false,"audioPlay":false,"sceneViewState":{"showFog":true,"showMaterialUpdate":false,"showSkybox":false,"showFlares":true,"showImageEffects":true,"showParticleSystems":true,"showVisualEffectGraphs":true,"m_FxEnabled":true},"in2DMode":false,"pivot":{"x":-9.045499801635743,"y":18.727645874023439,"z":56.00120544433594},"rotation":{"x":-0.2958192527294159,"y":0.009469696320593357,"z":-0.0029392344877123834,"w":-0.9552558660507202},"size":0.7693617939949036,"orthographic":false}