{"cameraMode":{"drawMode":0,"name":"Shaded","section":"Shading Mode"},"sceneLighting":false,"audioPlay":false,"sceneViewState":{"showFog":true,"showMaterialUpdate":false,"showSkybox":false,"showFlares":true,"showImageEffects":true,"showParticleSystems":true,"showVisualEffectGraphs":true,"m_FxEnabled":true},"in2DMode":false,"pivot":{"x":-0.6855447292327881,"y":0.190559983253479,"z":0.45090579986572268},"rotation":{"x":-0.2958192527294159,"y":0.009469696320593357,"z":-0.0029392344877123834,"w":-0.9552558660507202},"size":1.430861473083496,"orthographic":false}