{"cameraMode":{"drawMode":0,"name":"Shaded","section":"Shading Mode"},"sceneLighting":false,"audioPlay":false,"sceneViewState":{"showFog":true,"showMaterialUpdate":false,"showSkybox":false,"showFlares":true,"showImageEffects":true,"showParticleSystems":true,"showVisualEffectGraphs":true,"m_FxEnabled":true},"in2DMode":false,"pivot":{"x":0.49541962146759035,"y":0.8195366859436035,"z":-0.6090350151062012},"rotation":{"x":-0.0586094930768013,"y":0.7876378297805786,"z":0.07584649324417114,"w":0.6086412668228149},"size":2.1462676525115969,"orthographic":false}